Pair,Signal,Margin,Final Equity,Return (%),Max Drawdown (%),Profit Factor,Sharpe Ratio,Win Rate (%),Total Trades,Avg Trade Duration,Equity Curve Image
EURUSD,Sell,0.1,786.110416991002,-21.388958300899798,-61.83091271051507,1.2318500873639575,0.0,57.74647887323944,71,6 days,EURUSD_Sell_Equity_Curve.png
AUDUSD,Buy,0.1,1499.5877530680257,49.958775306802565,-37.65506468442867,1.2229643571283184,0.2953419417534695,53.42465753424658,73,7 days,AUDUSD_Buy_Equity_Curve.png
AUDUSD,Sell,0.1,838.5616658220068,-16.143833417799318,-80.2167772644531,1.5505674309455812,0.0,64.0625,64,6 days,AUDUSD_Sell_Equity_Curve.png
